term,no_context,basic_context,no_context_percentile,basic_context_percentile
abelian,,,,
abelian extension,0.9373433349004952,0.9634093371067143,47.34375,62.03125000000001
abelian group,0.9359920446337309,0.9743855541935116,45.78125,90.9375
abelian Lie algebra,0.949049347002733,0.9617724470844177,69.0625,54.53125
abelianization,,,,
absolute continuity,0.9374492405626969,0.9620167352561783,47.5,55.93749999999999
absolute continuity of measure,0.9565138630520806,0.9657506222463992,80.46875,70.9375
absolute convergence,0.9297124041222926,0.9617613051666404,34.6875,54.37499999999999
absolute value,0.9302031050949315,0.9671594144276919,35.46875,75.625
absolute values,0.9118205338542344,0.964028288162116,15.312500000000002,64.375
absolutely continuous,0.9222887271451694,0.958627309835119,25.937500000000004,39.53125
acting,,,,
action,,,,
action of a group,0.9437697374259848,0.9570490625130572,60.78125,33.90625
acts,,,,
adjoint,,,,
adjoint map,0.9375390682193058,0.9506950484877884,47.96875,16.25
adjoint of a linear transformation,0.960825723812778,0.9675291237475308,85.0,76.71875
adjoint representation,0.9320315784053765,0.9613804596393767,38.90625,52.1875
adjoint representation of a Lie algebra,0.9708412204169654,0.9748359003206364,92.96875,91.71875
adjoint representation of a Lie group,0.9741742777986602,0.9770952478139313,95.625,94.53125
adjugate,,,,
affine transformations,0.954451377234443,0.9605273718629976,78.28125,47.34375
Alexandroff space,0.9463679717683833,0.9607812734839256,65.625,48.4375
algebra,,,,
algebra homomorphism,0.9489687021218114,0.9633040193903705,68.75,61.71875
algebra ideal,0.9128983419695827,0.9458235246196949,16.25,8.28125
algebra of polynomials,0.938211066639226,0.9659059363542182,48.75,71.40625
algebra of subsets,0.9485711479406911,0.9679578491248976,68.4375,77.8125
algebra over a field,0.9441552616910374,0.9629338951630091,61.40624999999999,59.68750000000001
algebraic,,,,
algebraic extension,0.9383904759352861,0.960716051465392,49.21875,48.125
algebraic integer,0.939972742564026,0.9493312226480896,51.87500000000001,13.125
algebraic integers,0.94551764939242,0.9448816655281109,64.0625,6.71875
algebraic number,0.9215816864925136,0.9544720853156875,24.84375,25.46875
algebraically closed,0.9219458901228597,0.9439500022530973,25.156250000000004,5.15625
algebras,,,,
almost everywhere,0.9429096371036119,0.9759907431961122,58.59375,92.65625
almost uniform convergence,0.9519863083090394,0.9621506068954563,75.15625,56.56250000000001
alternating group,0.9243318119175443,0.9630812898846213,27.8125,60.15625
analytic function,0.9315069574113488,0.9672515872486068,37.1875,75.9375
annihilator of a submodule,0.9456807744376474,0.9668574000955263,64.53125,74.53125
annulus,,,,
antisymmetric,,,,
antisymmetry,,,,
argument,,,,
ascending central series,0.9510947964403551,0.9565331163644715,73.28125,32.5
associate,,,,
associate elements in an integral domain,0.9637233742831449,0.9729704931521068,88.59375,88.59375
associated,,,,
association,,,,
associative,,,,
associative algebra,0.9223364955709212,0.952075865322373,26.09375,18.90625
atlas,,,,
automorphism,,,,
automorphism group,0.9314617445719436,0.9671056934268525,37.03125,75.46875
automorphisms,,,,
Axiom of Choice,0.9417478557407488,0.962059383345253,56.09375,56.40625
Baire class,0.9277604283298465,0.9568482836731225,32.34375,33.4375
Baire property,0.9518150031813257,0.9437542832391992,74.6875,4.6875
Baire space,0.9274241078129283,0.9535783400076625,31.5625,22.1875
Banach algebra,0.9428113192965528,0.9692212850070137,58.28124999999999,80.78125
Banach space,0.937203101503876,0.9634268501030703,47.1875,62.18749999999999
Banach-Mazur game,0.953388064899388,0.9601078526368382,77.1875,44.84375
barycenter,,,,
barycentric coordinates,0.9424968185213272,0.9601198241453942,57.65625,45.0
based topological space,0.9675329886101041,0.9793097049741069,91.25,96.25
based topological spaces,0.9722762158005208,0.9799438883407433,94.0625,96.5625
basis,,,,
basis for abelian group,0.9757801775496949,0.9787413077791937,96.25,95.9375
bijection,,,,
bijections,,,,
bijective,,,,
bilinear,,,,
binary operation,0.9261611409232049,0.9565905624387874,29.6875,32.96875
binary operations,0.9191309288956393,0.9558204396512481,22.1875,29.21875
binary relation,0.9229779973686838,0.9574097067431475,26.718750000000004,35.15625
Borel,,,,
Borel function,0.9258268731779719,0.960821156457334,29.21875,48.90625
Borel space,0.9221242878936909,0.9632640625170389,25.78125,61.09375
Borel spaces,0.9365757024174692,0.9628471232337641,46.25,59.53125
Borel σ-algebra,0.966120346422271,0.9608978348964097,90.78125,49.53125
boundary,,,,
boundary of the closed half-space,0.9709732103206887,0.9706591474016216,93.125,83.59375
boundary points of a manifold,0.9629622010927801,0.9580952239391826,87.5,37.8125
bounded,,,,
bounded measure space,0.9597072423102926,0.9703855661661606,83.75,83.125
bounded variation,0.9359150005728902,0.955684727756723,45.625,28.749999999999996
Cantor set,0.9352034906880354,0.9584160662258863,44.375,38.75
cardinal number,0.91357386141131,0.9620108510143767,16.875,55.78125000000001
cardinal numbers,0.9190741523889172,0.957147549368627,22.03125,34.21875
Cartesian product,0.9345887444735812,0.9647259715204229,43.28125,67.34375
categories,,,,
category,,,,
category of sets,0.9406660198417109,0.9646479504577871,53.59374999999999,66.875
category of topological spaces,0.9713130575669897,0.9807774952178114,93.59375,96.875
Cauchy integral formula,0.9626595177430233,0.9573172220454417,87.1875,35.0
Cauchy sequence,0.9427227827975373,0.9627438548809519,57.96875,58.59375
center,,,,
center is a normal subgroup,0.9683602087090184,0.9706925326288571,91.71875,83.75
center of a group,0.9399417060117896,0.9636224841156629,51.71875,63.4375
center of an algebra,0.9201248230086784,0.960086574415982,23.125,44.6875
centralizer of a Lie algebra,0.9507739385176822,0.9702826869172998,72.5,82.65625
centralizer of a subset,0.9543586139807484,0.9679860336549703,77.65625,78.125
centroid,,,,
character of a representation,0.966709608248824,0.9727010733674086,90.9375,87.8125
character table,0.8985998643659807,0.9410544714618911,4.53125,2.96875
characteristic,,,,
characteristic function,0.9110712808097527,0.9507398147947688,14.374999999999998,16.5625
characteristic map of open simplex,0.9684999460447759,0.9685005362808256,91.875,79.0625
characteristic of a field,0.941166063532672,0.9550969090899055,54.37499999999999,26.718750000000004
characteristic polynomial,0.9187506185875381,0.9424088165121789,21.40625,3.5937499999999996
characteristic subgroup,0.9228693951117538,0.9529996145558219,26.5625,20.78125
characters,,,,
chart,,,,
charts,,,,
circle group,0.8997920639067984,0.9560219905064418,5.0,30.46875
circular mean value,0.9322844997407806,0.9596580495731856,39.375,42.65625
class,,,,
class function,0.8965523041595503,0.9501487819552721,3.75,14.374999999999998
class functions,0.9029153016459481,0.9515962082469189,7.34375,17.65625
classes,,,,
closed,,,,
closed edge path,0.959566718120091,0.9671020240572726,83.28125,75.3125
closed half-space,0.9623607284787274,0.9694027984888631,86.71875,81.09375
closed subgroup,0.9100803886207256,0.9571494817243629,12.968750000000002,34.375
closure,,,,
comaximal ring ideals,0.9525190062830937,0.9584337371053779,75.78125,38.90625
comeager,,,,
commutative,,,,
commutator subgroup,0.9317990788523247,0.9615231845922101,38.125,52.96875
compact,,,,
compact Lie group,0.9004293470027226,0.9613007501308758,5.625,51.5625
compact linear transformation,0.944429873060423,0.9517284130169169,61.875,18.125
compact support,0.9007836916355826,0.9561722593238341,6.25,31.093749999999996
compact symplectic group,0.9449662744994931,0.9627714863953729,62.81250000000001,58.90625000000001
compactly closed,0.9427235173811483,0.965628445001595,58.12500000000001,70.3125
complemented lattice,0.9399853499169752,0.9485814386177664,52.03124999999999,11.71875
complete,,,,
complete metric space,0.9517360241367872,0.9782008148404944,74.375,95.625
complete reducibility,0.9472580035330102,0.9645926904141011,66.40625,66.40625
complex,,,,
complex absolute value,0.9582603002039288,0.9688228549955529,82.8125,79.84375
complex conjugate,0.9401630536563207,0.9557558344831811,52.5,28.90625
complex conjugates,0.9442554913023276,0.9618396685113958,61.5625,54.84375
complex differentiability,0.9367939978917785,0.9615672745679845,46.71875,53.43750000000001
complex exponential,0.9402574478939884,0.9559489430450495,52.81249999999999,29.843750000000004
complex integral,0.9087899844237339,0.9499615647277616,11.71875,13.750000000000002
complex Lie group,0.9169078680471643,0.9568897173161639,19.84375,33.59375
complex line integral,0.944859571443543,0.953028938229272,62.5,21.09375
complex number,0.8912513774940054,0.9635746362764861,2.65625,63.28125
complex numbers,0.9035727946690106,0.9666238353340537,7.968749999999999,73.75
complex orthogonal group,0.9414607126977775,0.9662271046426139,55.3125,72.8125
complex symplectic group,0.9564054893455214,0.9704403078931063,80.3125,83.28125
complexification of a vector space,0.9490926966711051,0.9661875383187626,69.21875,72.1875
component function,0.9335295650437333,0.9574629577397803,41.5625,35.46875
component functions,0.9306137043447579,0.9539813332608336,35.9375,23.90625
component interval,0.9189173611723771,0.9487329056478407,21.875,12.03125
component intervals,0.9357532708740399,0.9579928370993265,45.0,37.1875
composite field extension,0.9638473092566604,0.9564136170708583,88.75,32.03125
composition series,0.9281989680787475,0.9535910318393315,32.96875,22.34375
composition series of a group,0.9657469321053838,0.9662053811270677,90.0,72.5
composition series of a module,0.9623396669481151,0.9577491913328959,86.5625,36.5625
conjugacy classes,0.9320993356668956,0.9645028680344826,39.0625,66.09375
conjugate,,,,
conjugate subgroups,0.9424722388924063,0.9597671939441527,57.49999999999999,43.59375
conjugate transpose,0.9614105212629167,0.9661908679080975,85.625,72.34375
conjugation,,,,
connected,,,,
connected component,0.9520295417586637,0.9726646194071513,75.3125,87.65625
connected components,0.957921490675657,0.9747042946440111,82.34375,91.40625
connected graph,0.9387521902482674,0.9546780356950982,49.6875,26.25
consistent,,,,
continuous,,,,
continuous group representation,0.9505679527844157,0.9619897620158651,71.875,55.46875
continuously,,,,
continuously differentiable,0.9473074885342708,0.9658887650976765,66.5625,71.25
contractible,,,,
contracting sequence of sets in a metric space,0.9891732969973368,0.9902234033249171,99.6875,99.21875
contraction mapping,0.9204694196397145,0.9540421717626737,23.4375,24.21875
convergence in measure,0.9213173939059436,0.9501580557601781,24.375,14.531250000000002
convergent,,,,
converges,,,,
converges uniformly,0.936935239709072,0.9579664423493798,46.875,36.875
converging,,,,
convex set,0.9214318918796288,0.9551432000605511,24.6875,26.875
coprime,,,,
corresponding matrix,0.9351981332868253,0.9410186710091482,44.0625,2.8125
cosets,,,,
countable,,,,
critical point,0.9147544180354694,0.9656858403904491,17.96875,70.78125
critical value,0.9004428404925934,0.9633401308457871,5.78125,61.875
cycle,,,,
cycle type,0.877804794887818,0.9546208368468405,1.25,25.937500000000004
cycles,,,,
cyclic cyclic,0.982875336837586,0.9792109148638152,98.59375,96.09375
cyclic group,0.9007240863314158,0.9517345805168749,6.09375,18.28125
cyclic groups,0.9201492992757319,0.9536152345221195,23.28125,22.5
cyclotomic field,0.9349602462455211,0.9668072672556172,43.59375,74.375
cyclotomic polynomial,0.9275410459580739,0.9529117873039629,31.874999999999996,20.625
degree,,,,
degree of field extension,0.9429185131406774,0.9572030582139729,58.75,34.84375
degree of polynomial,0.9260312276469802,0.953927538151716,29.531249999999996,23.75
dense,,,,
derivation,,,,
derivatives,,,,
derived algebras,0.9058644410247275,0.9366136620374323,9.21875,1.5625
derived series,0.8870792257171847,0.9412868743197715,1.875,3.4375000000000004
derived series of a group,0.9600242100576406,0.9663003355364927,84.0625,72.96875
derived series of a Lie algebra,0.9637058145495331,0.9640395517449762,88.4375,64.6875
derived subgroups,0.9403943865808282,0.9558340414898933,53.125,29.375
descending central series,0.9525831633426948,0.9608048569495368,76.09375,48.75
descending sequence,0.9450005036056527,0.9579794284761884,63.125,37.03125
determinant,,,,
determinants,,,,
determined,,,,
diameter,,,,
diameter of a set,0.9220918332428663,0.9609494836318131,25.46875,49.84375
diameters,,,,
diamter,,,,
diffeomorphism,,,,
difference quotient,0.9489495411530605,0.9519967400793876,68.59375,18.75
differentiability in closed half-space,0.9609178897665946,0.9690482231285065,85.3125,80.46875
differentiable,,,,
differential basis,0.9127146844790123,0.9534603034789404,16.09375,21.875
differential k-form,0.9364159644298793,0.9512182815214973,45.9375,17.1875
differential operators,0.9194121831683817,0.9596889650694455,22.5,43.125
dimension,,,,
dimension of dimension,0.9726672027173507,0.9770626743455053,94.84375,94.375
dimension of group representation,0.9578478282734924,0.9629439573205982,82.1875,59.84374999999999
dimension of vector space,0.9398206096279338,0.9605681030770441,51.40625,47.65625
dimensional,,,,
direct sum,0.9195981991406375,0.9609401155280579,22.8125,49.6875
direct sum decomposition of a Lie algebra,0.9843322324699092,0.9782210722675674,99.0625,95.78125
direct sum of group representations,0.9726371910063996,0.973941380139871,94.6875,90.46875
direct sum of Lie algebras,0.9732587620019225,0.9705190241790844,95.46875,83.4375
direct sum of module homomorphisms,0.9702897930131082,0.9721157100323041,92.65625,86.5625
direct sum of modules,0.9539925725623534,0.9671771304108611,77.5,75.78125
direct sum of vector spaces,0.9506252186926692,0.9646236302832101,72.34375,66.71875
directional derivative,0.9307015399065754,0.9563773819912468,36.09375,31.874999999999996
discrete category,0.9305386890333673,0.965474338140574,35.78125,69.84375
discrete topology,0.9509432244139274,0.9627734923739497,73.125,59.06249999999999
discriminant,,,,
distance from a point to a set,0.9385697892970892,0.9718551194498128,49.53125,86.25
distributed lattice,0.9633470452458182,0.9583069514180685,87.96875,38.4375
distributive,,,,
distributivity,,,,
divides,,,,
divisible,,,,
divisible group,0.9357500625704946,0.9708071699370219,44.84375,83.90625
division algebra,0.9101888393650194,0.9555379443791915,13.125,27.8125
division in a ring,0.9345417433467547,0.9681700498130535,42.96875,78.4375
division ring,0.9183477070830968,0.9533299352546601,20.9375,21.40625
dual,,,,
dual representation of a Lie algebra,0.9757416490463271,0.9675916746626105,96.09375,76.875
dual space,0.9116059466208669,0.9604084835101108,15.0,46.71875
edge path,0.9212434067176732,0.9637101450344292,24.0625,63.59375000000001
edge paths,0.9237842288226605,0.9637673661659025,27.65625,63.74999999999999
eigenvalue,,,,
eigenvector,,,,
elementary abelian p-group,0.9633680890073915,0.9652886350485431,88.125,69.53125
elementary matrix,0.9048348203190418,0.9443638461844157,8.75,5.9375
elementary symmetric polynomials,0.9585595390822302,0.9669589320301363,83.125,74.84375
embedded m-dimensional manifold,0.9661114204665927,0.9690276963646726,90.625,80.3125
embedded m-dimensional manifold with boundary,0.9839839536607535,0.9766748414992891,98.75,94.0625
embedding,,,,
endomorphism,,,,
endomorphisms,,,,
entire,,,,
epimorphism,,,,
equivalence class,0.9265492137303466,0.9608299565833842,30.312499999999996,49.0625
equivalence classes,0.9251422447285936,0.9627656647097252,28.125,58.75
equivalence relation,0.9376563121996269,0.9639029887626687,48.28125,64.21875
equivalence relations,0.9453775737923835,0.9648937967781708,63.59375000000001,68.59375
equivalent absolute values,0.9641481540641912,0.9739295903591888,88.90625,90.15625
equivalent group representations,0.9415469772826236,0.9590698818717323,55.46875,40.9375
equivalent metrics,0.9499133734454994,0.9567013086169341,70.46875,33.28125
equivariant map,0.9408866922191512,0.9615610867485416,54.0625,53.28125
essential infimum,0.9568616050276423,0.9713278193734469,81.40625,85.15625
essential supremum,0.9527729746949012,0.9667259577841641,76.40625,74.0625
essentially bounded,0.9518354928880612,0.97138944362247,74.84375,85.46875
Euclidean domain,0.946858700909115,0.9612120793315425,66.09375,51.24999999999999
Euclidean inner product,0.939776294378585,0.9592095599593278,51.24999999999999,41.40625
Euler characteristic,0.9502589916178754,0.952509258785353,71.40625,19.84375
Euler characteristic of a graph,0.9632034093825305,0.954013772532362,87.8125,24.0625
Euler's formula,0.9121218838413835,0.9614142778033209,15.937499999999998,52.5
Euler's totient function,0.9711231689209915,0.9801213544978278,93.4375,96.71875
exponent of a finite group,0.9473407670646126,0.9545107023445106,66.71875,25.78125
extended real numbers,0.9367867169230677,0.9708309178179094,46.5625,84.0625
extended-form game,0.9251651422818018,0.9444818089662174,28.281250000000004,6.25
extension,,,,
extensions,,,,
exterior,,,,
exterior power of a vector space,0.960910354934447,0.9754855503676995,85.15625,92.34375
exterior power of group representations,0.9700920872019427,0.9723145465011652,92.1875,87.03125
exterior power of linear transformation,0.9604951268241995,0.9737901907052505,84.6875,89.84375
exterior product,0.9290089688652459,0.9552150742666874,33.75,27.03125
F-conjugate,,,,
faithful group action,0.9494609404606305,0.9641144781138241,69.6875,65.3125
field,,,,
field embedding,0.9502229007162988,0.9643815382046103,71.09375,65.78125
field extension,0.9313727600481845,0.9506483990516221,36.71875,16.09375
field extensions,0.9307926278841497,0.9586217609406376,36.40625,39.375
fields,,,,
finite length R-module,0.960674721540451,0.9765057564450981,84.84375,93.59375
finitely generated R-module,0.95741703715267,0.969577438226721,81.71875,81.40625
fixed field,0.90708070522002,0.9511320071674884,10.0,17.03125
form,,,,
fraction ring,0.894676173075428,0.9262074708858147,3.28125,0.0
Frattini subgroup,0.9289139721851686,0.9403133745107118,33.59375,2.5
free,,,,
free group,0.9119886330158153,0.9589652390940397,15.625,40.625
free group action,0.9532694393542566,0.9647354109889408,76.875,67.5
free module,0.9333586226667965,0.9536208985202186,41.25,22.65625
free vector space,0.9490321018065238,0.9696294077551753,68.90625,81.71875
Frobenius endomorphism,0.9513984796332204,0.9555761431742484,73.90625,27.968749999999996
functional,,,,
functor,,,,
fundamental group,0.8723283857075697,0.9510962284076337,0.9375,16.875
fundamental groups,0.898448708853189,0.9489780480395384,4.375,12.65625
Fundamental Theorem of Finitely Generated Abelian Groups,0.9757059279784084,0.9744999193981501,95.9375,91.09375
G-harmonic polynomial,0.9415556966378003,0.9536635230023665,55.625,22.8125
G-invariant function,0.9531726300170161,0.9690837050265232,76.71875,80.625
G-invariant subspace,0.9549757788155995,0.9631903999797491,79.0625,60.78125
G-invariant vectors,0.9582502601116132,0.9713680009524516,82.65625,85.3125
G-set,,,,
G-space,,,,
Gale-Stewart game,0.9297420510220428,0.9432294024881428,34.84375,4.21875
Galois,,,,
Galois extension,0.9315729236236443,0.9610190882726045,37.5,50.15625
Galois group,0.9280433559543545,0.972508205794369,32.5,87.5
Galois group of a polynomial,0.9636772956563245,0.965969160890799,88.28125,71.71875
game,,,,
Gaussian integers,0.926469835839851,0.9505448983080104,30.15625,15.46875
general linear,0.9283538920667773,0.9640357891712656,33.125,64.53125
general linear algebra,0.9423278334699834,0.9687296577746448,57.1875,79.53125
general linear group,0.9560459634028353,0.969419054055752,80.15625,81.25
generalized orthogonal group,0.9615180013483732,0.9676235395070758,85.9375,77.03125
generate,,,,
generate a field,0.9139895694665932,0.9530013037821216,17.34375,20.9375
generate a generated,0.9761363638950559,0.9812987615062234,96.5625,97.34375
generate a ring ideal,0.9462908877565221,0.9635465322210703,65.46875,62.96874999999999
generate a topology,0.9276393756346459,0.9489076521779035,32.03125,12.1875
generate a σ-algebra,0.9461227418611979,0.9546456711212853,65.3125,26.09375
generate an algebra ideal,0.9454821462909977,0.9515858546106599,63.74999999999999,17.5
generate an associative algebra,0.945607035964196,0.9588681618473269,64.21875,40.15625
generate an R-module,0.9374806628606724,0.9630851765948041,47.65625,60.3125
generated,,,,
generates,,,,
generating set,0.9180064326345971,0.955958946022629,20.625,30.15625
generating set of a group,0.9502539822672753,0.9528564437951552,71.25,20.46875
generator,,,,
geometrically independent,0.9198388601495825,0.9553397237174208,22.96875,27.34375
gradient,,,,
graph,,,,
graph of a function,0.9339544432224494,0.9522654484825964,42.1875,19.21875
greater than,0.9523256814087384,0.9769335879181847,75.46875,94.21875
greatest common divisor,0.9413016145943229,0.9677606756915249,54.84375,77.34375
group,,,,
group action,0.8981327872344156,0.9556447280492578,4.21875,28.125
group action invariants,0.9485631297781008,0.9631639026318332,68.28125,60.46875000000001
group homomorphism,0.953604708828212,0.9685013963235832,77.34375,79.21875
group representation,0.9116968250670977,0.9604183494966666,15.156249999999998,46.875
group representations,0.9176251521566883,0.957463935205362,20.3125,35.625
group ring,0.894367802075755,0.9500427045840308,3.125,14.0625
group word,0.9086480031256636,0.962559430895136,11.5625,57.8125
group's,,,,
groups,,,,
Haar integral,0.9313240428008077,0.927949777642106,36.5625,0.15625
Haar measure,0.9382590051060534,0.9431518031052342,48.90625,4.0625
half space,0.9005066926539131,0.9641103143634995,5.9375,65.15625
Hamel basis,0.9337445263383382,0.9443357990213096,41.71875,5.78125
Hardy-Littlewood maximal operator,0.9660642625716046,0.9649854490210046,90.46875,68.75
harmonic function,0.9110753667784494,0.9562082442350879,14.531250000000002,31.5625
harmonic polynomial,0.9071307584815946,0.9406127735933427,10.15625,2.65625
Hausdorff,,,,
here,,,,
Hermitian,,,,
Hermitian adjoint,0.9405409595177306,0.9571862809228902,53.43750000000001,34.6875
Hermitian inner product,0.943910005162042,0.9618294304094324,60.9375,54.6875
Hessian matrix,0.9316663130107243,0.9486011945538402,37.65625,11.875
Hilbert space,0.9020300386742921,0.949352982813324,6.875000000000001,13.28125
holomorphic,,,,
homeomorphic,,,,
homeomorphism,,,,
homogeneous relation,0.9263230615435396,0.9640532284645255,30.0,64.84375
homomorphism,,,,
homomorphism of Lie groups,0.9676628363205408,0.9766594432576918,91.40625,93.90625
homomorphisms,,,,
homotopy,,,,
homotopy equivalence of paths,0.9658347298135681,0.9602875265596483,90.15625,45.78125
homotopy equivalent,0.9389043769904972,0.9391541003734772,50.15625,2.03125
ideal,,,,
ideal of a Lie algebra,0.9260236203698449,0.9502663289620457,29.375,14.84375
ideals,,,,
ideals they generate,0.9566219640827918,0.9709666220801818,80.625,84.6875
idempotent,,,,
identities,,,,
identity,,,,
identity component,0.9220995127644602,0.958052990089798,25.624999999999996,37.65625
identity element,0.9250859582489895,0.9564779235101262,27.968749999999996,32.1875
identity elements,0.9333107633665993,0.9638695884653906,41.09375,64.0625
identity function,0.8975218115668404,0.9338601934641872,4.0625,0.78125
identity matrix,0.9063656778512678,0.9297174062332694,9.6875,0.3125
image,,,,
inconsistent,,,,
index of a subgroup,0.9353678871333138,0.9480096575189846,44.53125,10.9375
induced homomorphism on fundamental group,0.9727199995188962,0.9716262657033867,95.15625,85.9375
induced orientation,0.8927283932019804,0.958224484098241,2.96875,38.28125
inductively,,,,
infimum,,,,
injection,,,,
injective,,,,
inner automorphism of a group,0.9600052135778392,0.9684589373713834,83.90625,78.90625
inner automorphism of a Lie algebra,0.9714174028444068,0.9745881762641304,93.75,91.25
inner derivation,0.9307494319767802,0.9575493799346774,36.25,35.9375
inner product,0.8817194198684888,0.9542703425331482,1.5625,24.6875
inner product space,0.9351989021404521,0.9648246109685342,44.21875,68.125
inner products,0.8694047240547004,0.953899213374495,0.625,23.4375
inner regular,0.9435739582927232,0.9611408251523508,60.15625,50.78125
integrable,,,,
integral,,,,
integral domain,0.9055798326457368,0.9439437097708595,9.0625,5.0
interior,,,,
interior points of a manifold,0.9549738174433726,0.9640624882382072,78.90625,65.0
intersection,,,,
intertwiner,,,,
interval,,,,
intervals,,,,
invariant,,,,
invariant polynomials under group action,0.966938857919151,0.9650009822320935,91.09375,68.90625
invariant subspace,0.9444189426241406,0.9506145993481264,61.71875,15.625
inverse,,,,
inverse element,0.9526116355228845,0.9603986609422583,76.25,46.5625
inverse function,0.9377031200587894,0.9599365136310538,48.4375,44.375
inverse image,0.9416072385892507,0.959593407507449,55.78125000000001,42.03125
inverse matrix,0.9459420639130749,0.9475066276861172,65.0,10.625
inverses,,,,
invertible,,,,
invertible linear transformations,0.9614649175231669,0.9670316917964732,85.78125,75.0
irreducible,,,,
irreducible element of an integral domain,0.9705368074707215,0.9728966826631625,92.8125,88.28125
irreducible representation,0.9300772275600275,0.9606889941642862,35.15625,47.96875
irreducible representations,0.9266619799553165,0.9543451970464235,30.46875,25.156250000000004
irreducibles,,,,
is,,,,
isolated point,0.9008035835771615,0.946319105200685,6.406249999999999,8.90625
isolated points,0.9105089578700758,0.9471815480039305,13.593749999999998,10.15625
isolated singularity,0.9107691647886014,0.9454570262322519,13.90625,7.8125
isometry,,,,
isomorphic,,,,
isomorphism,,,,
isomorphism of group representations,0.966001860321147,0.9702898279767064,90.3125,82.8125
isomorphism of Lie groups,0.9647257730659162,0.9742025523202826,89.53125,90.78125
isotypic component,0.9478196407987065,0.9737981782298567,67.34375,90.0
its,,,,
Jacobian determinant,0.9393778573757816,0.959760445659191,50.78125,43.4375
Jacobian matrix,0.9280749094793421,0.9473087546939368,32.65625,10.3125
k-forms,,,,
kernel,,,,
kernel of group homomorphism,0.9505896517902745,0.9474529804523022,72.03125,10.46875
kernel of linear transformation,0.9484854169144491,0.9518087838146196,67.8125,18.59375
kernel of module homomorphism,0.9552901927574676,0.9553569386341582,79.375,27.500000000000004
Kronecker delta,0.9469664596031316,0.9596196020518744,66.25,42.1875
L,,,,
L2 inner product on group functions,0.9765898096911152,0.9780920114473887,96.71875,95.46875
Laplacian,,,,
lattice,,,,
lattice complement,0.9230549571777673,0.9458076659745964,26.875,8.125
Laurent series,0.9319553992995022,0.9453124696147165,38.59375,7.34375
Lebesgue integral,0.9322182149055442,0.9506212502444367,39.21875,15.78125
Lebesgue integral of a simple function,0.9791677371059748,0.9798660185449358,96.875,96.40625
Lebesgue integral of characteristic function,0.9848691493422692,0.9856012553268985,99.21875,98.59375
Lebesgue integral of characteristic functions,0.9813621639215561,0.9871969421790379,97.96875,98.90625
Lebesgue integrals,0.9205230395357762,0.9556564055770039,23.59375,28.281250000000004
Lebesgue measurable,0.9505185983302227,0.9764404511975887,71.71875,93.4375
Lebesgue measurable function,0.9680654995159023,0.9724145785644884,91.5625,87.1875
Lebesgue measure,0.9460459874524477,0.9669496356787839,65.15625,74.6875
Lebesgue outer measure,0.9431489769320843,0.9644642873515852,59.375,65.9375
left,,,,
left algebra ideal,0.9503170662155938,0.9525545493106854,71.5625,20.0
left coset,0.9456790689416464,0.9659629109676885,64.375,71.5625
left ideal,0.9031271680267527,0.9469121776875334,7.656250000000001,10.0
left ideals,0.9114541938634331,0.9500896650149652,14.84375,14.21875
left identity element,0.9559144264680506,0.9645178855440517,79.84375,66.25
left inverse element,0.9702802821421916,0.9689732753970448,92.5,80.15625
left ring ideal,0.9508982217193622,0.9580210907662113,72.96875,37.5
Lie algebra,0.8906511298965907,0.9460677454076396,2.34375,8.4375
Lie algebra homomorphism,0.952887431975545,0.9524667003891872,76.5625,19.6875
Lie algebra representation,0.9445903387794689,0.961180233665798,62.03125000000001,51.09375000000001
Lie algebras,0.8925203748637783,0.9448383963601578,2.8125,6.406249999999999
Lie correspondence,0.9224493578985555,0.9661759223658433,26.25,72.03125
Lie group,0.8852984069109084,0.9602860066938537,1.7187500000000002,45.625
Lie groups,0.9022989346880663,0.9562336436599406,7.03125,31.71875
limit,,,,
limit of some sequence,0.9480528012550851,0.9651189653421458,67.5,69.375
limit point,0.9188226395377781,0.9502102153104186,21.5625,14.6875
limit points,0.9155701536748553,0.9517901165912805,18.28125,18.4375
linear,,,,
linear Lie algebra,0.9432336284707515,0.9634557822753334,59.53125,62.34375
linear transformation,0.9173587364348743,0.957507478795133,20.15625,35.78125
linear transformation norm,0.9568444312535197,0.9647448185593395,81.09375,67.65625
linear transformations,0.9401560611240528,0.9612789079415189,52.34375,51.40625
linearly dependent,0.9419005362432327,0.9569268759824591,56.56250000000001,33.75
linearly independent,0.9328208834748072,0.9605567877758399,40.15625,47.5
linearly independent group elements,0.9644306370081068,0.9679608393793936,89.21875,77.96875
local,,,,
local maximum,0.8997851612500636,0.9357886416777728,4.84375,1.25
local minimum,0.9109776491843021,0.9516477662745116,14.21875,17.8125
local parametrization,0.9436691548753475,0.9660131960213525,60.46875000000001,71.875
locally compact,0.9455056075310597,0.9618908443242817,63.90625,55.15624999999999
locally compact group,0.9294741463705136,0.957740922183474,34.375,36.40625
locally constant,0.9476277474770131,0.9602433271470845,67.03125,45.15625
locally finite,0.9412460993473104,0.9730760121381136,54.6875,88.90625
locally finite cover,0.9642327139011814,0.971200422082058,89.0625,85.0
locally finite graph,0.9619429523571985,0.9653925457603092,86.40625,69.6875
locally finite measure,0.9573902446216537,0.9596637666205383,81.5625,42.8125
locally monotonic,0.9449967482755488,0.9615768774015523,62.96874999999999,53.59374999999999
locally path-connected,0.9618084689770318,0.9729932197082265,86.09375,88.75
logarithm,,,,
logarithmic derivative,0.9160541232704142,0.9326920967521846,18.90625,0.625
loop,,,,
loops,,,,
Lorentz group,0.914171479164575,0.9598732856094179,17.5,44.21875
lower bound,0.9104688631037612,0.9588760451191347,13.28125,40.3125
lower bounds,0.9413969429919655,0.9635208157793089,55.00000000000001,62.81250000000001
lower central series,0.9558586342590629,0.9682174638544232,79.6875,78.59375
lower integral,0.9145128252392882,0.9464607770193083,17.65625,9.375
lower sum,0.9095203722072205,0.9623497073434083,12.65625,57.34375000000001
Lp space,0.9051971281844012,0.9626676067387503,8.90625,58.12500000000001
Lusin function,0.9356267092732692,0.9566685339272106,44.6875,33.125
m-form,,,,
magma,,,,
magmas,,,,
manifold,,,,
manifold with boundary,0.9350630448002824,0.959620562257405,43.90625,42.34375
matrices,,,,
matrix,,,,
matrix corresponding,0.931877446062668,0.943385908825264,38.4375,4.375
matrix exponential,0.9255756276469687,0.9412406570435052,28.90625,3.28125
matrix Lie group,0.9090522502181717,0.9464583315775699,12.03125,9.21875
matrix logarithm,0.9043063274837729,0.9359986411683923,8.4375,1.40625
matrix multiplication,0.9137426562834323,0.9467726273558341,17.03125,9.84375
matrix transpose,0.9317968238016698,0.9481240973552311,37.96875,11.09375
maximal ring ideal,0.9548475527463449,0.9703714615007827,78.75,82.96875
maximal subgroup,0.9407603776468474,0.9632912341609672,53.90625,61.5625
maximal subgroups,0.9435636659356029,0.9650153099368817,60.0,69.0625
maximal subtree,0.9403826425549106,0.9560585555627676,52.96875,30.625000000000004
meager,,,,
mean value property,0.9508726263986905,0.9618637608457485,72.8125,55.00000000000001
measurable,,,,
measurable function,0.9375937811140218,0.9650386711998356,48.125,69.21875
measurable hull,0.9483374373288492,0.9574317038851987,67.65625,35.3125
measurable space,0.9281542895352244,0.968895851833848,32.8125,80.0
measurable spaces,0.9453682923911022,0.9672851749422358,63.4375,76.25
measure,,,,
measure space,0.9214096841043682,0.9603259868149308,24.53125,46.40625
measure spaces,0.9448280246700902,0.9609801610922948,62.34375,50.0
measure zero,0.9086212240600674,0.9425532119195923,11.40625,3.90625
measures,,,,
meromorphic,,,,
mesh,,,,
metric,,,,
metric completion,0.9287615060233594,0.9581333233462439,33.4375,37.96875
metric space,0.9267238652185938,0.9763414879838686,30.625000000000004,93.28125
metric spaces,0.9398265939197117,0.9760043205608213,51.5625,92.96875
metrics,,,,
minimal polynomial,0.9217108842388725,0.9543913397703222,25.0,25.3125
minor,,,,
model,,,,
module,,,,
module homomorphism,0.9468349836959913,0.9613774594361105,65.9375,52.03124999999999
module over a Lie algebra,0.9625657224163473,0.9729193964816432,87.03125,88.4375
module over a ring,0.9343313020388143,0.9608805037966861,42.34375,49.375
modules,,,,
monic,,,,
monoid,,,,
monoids,,,,
monomorphism,,,,
morphism,,,,
morphism of group representations,0.9697256998299577,0.9749378972067355,92.03125,91.875
multilinear,,,,
multiplicative,,,,
multiplicative character,0.9429603779729436,0.9616967696183405,58.90625000000001,54.0625
multiplicative inverse,0.9551157363462789,0.9485319149536101,79.21875,11.5625
multiplicative norm,0.9329686825144341,0.9449847972231747,40.625,6.875000000000001
multiplicity of simple module in semisimple module,0.9962294426649108,0.997544108771648,99.84375,99.84375
n-simplex,,,,
negative variation,0.9272182595977884,0.94498697835723,31.406250000000004,7.03125
neighborhood,,,,
nilpotent,,,,
nilpotent group,0.9256014779060018,0.9608564737093047,29.062500000000004,49.21875
nilpotent Lie algebra,0.933790206633158,0.9524442109241537,42.03125,19.53125
Noetherian,,,,
Noetherian module,0.9464178873889801,0.9624271232574437,65.78125,57.65625
Noetherian ring,0.9159319587523097,0.9622857210445651,18.75,57.03125
non-Archimedean,,,,
non-Archimedean absolute value,0.9725124297624295,0.974052532297502,94.53125,90.625
nonmeager,,,,
norm,,,,
normal,,,,
normal extension,0.9156512983513871,0.9453703448385973,18.4375,7.5
normal series,0.9010199170165338,0.9552375626056951,6.5625,27.187499999999996
normal subgroup,0.9059580846303462,0.9541855536728703,9.375,24.375
normal subgroups,0.9098664775102842,0.9578409973056475,12.812499999999998,36.71875
normal-form game,0.9262338262715577,0.9443781203758209,29.843750000000004,6.09375
normalizer,,,,
normalizer of a group,0.955594613873134,0.9634740233850433,79.53125,62.65625
normed linear space,0.945861309160218,0.9619295889515881,64.84375,55.3125
nowhere dense,0.9301632328928346,0.9716710712199723,35.3125,86.09375
nullity,,,,
open,,,,
open cover,0.9091601185426734,0.9709386076010653,12.5,84.375
open simplex,0.9388540958338243,0.9715565573167915,50.0,85.78125
operation,,,,
opposite category,0.9318310814532642,0.9759928847049031,38.28125,92.8125
opposite topology,0.9387835599287957,0.9621507325871411,49.84375,56.71874999999999
orbit,,,,
orbits,,,,
order,,,,
order of a group,0.9212485990055674,0.962742934801278,24.21875,58.4375
order of a group element,0.9389480817651784,0.9655934003182777,50.31250000000001,70.0
orders,,,,
ordinal number,0.9345025691188182,0.9714402014593656,42.8125,85.625
ordinary generating function,0.9560306853912199,0.9647051835352439,80.0,67.1875
orientable,,,,
orientation,,,,
orientation-preserving,,,,
oriented edge,0.9333989563597107,0.9657603823145724,41.40625,71.09375
oriented edges,0.9579305917002472,0.9699400888084027,82.5,82.5
oriented manifold,0.9424540398597344,0.955516654297658,57.34375000000001,27.65625
orthogonal,,,,
orthogonal complement,0.9329941676139513,0.9503937164546719,40.78125,15.156249999999998
orthogonal group,0.9091173338846718,0.9615907226178417,12.1875,53.90625
orthogonal matrices,0.9506103759737007,0.9588646842465294,72.1875,40.0
orthogonal matrix,0.9421944283477941,0.9522985635246484,56.875,19.375
orthonormal,,,,
orthonormal basis,0.9299064149616237,0.9606449084975535,35.0,47.8125
orthonormal sequence,0.9429641780086808,0.9632053178938326,59.06249999999999,60.9375
outer derivation,0.943255331596227,0.9534960480427229,59.68750000000001,22.03125
outer measure,0.9113407302348668,0.9371456455633538,14.6875,1.7187500000000002
outer regular,0.9566733516537266,0.9577107519915224,80.78125,36.25
outward pointing,0.9430424797392263,0.9663935988865807,59.21875,73.28125
p-adic integers,0.9496002281140175,0.9597880498202402,70.0,43.75
p-group,,,,
p-norm,,,,
p-primary component of an abelian group,0.9840594011113688,0.9852518138132681,98.90625,98.4375
p-subgroup,,,,
paradoxical set,0.9074640045512015,0.9598038188886383,10.625,43.90625
partial derivative,0.9084888352160956,0.962317570484307,11.09375,57.1875
partial derivatives,0.9185633122979058,0.9687895092837779,21.25,79.6875
partial order,0.9035890756811968,0.972251773301342,8.125,86.875
partially ordered set,0.9294381318985638,0.9736933638711868,34.21875,89.6875
partition,,,,
partition of a rectangle,0.9411586936232881,0.9604805317894936,54.21875000000001,47.1875
partition of a set,0.9232003641527318,0.9607357322673469,27.187499999999996,48.28125
partition of an integer,0.9269161416692973,0.9614544792055293,31.093749999999996,52.81249999999999
partition of unity,0.9371185446479136,0.970963962086603,47.03125,84.53125
partitions,,,,
path,,,,
path-connected,,,,
payoff function,0.9287318433833583,0.9440853077290307,33.28125,5.3125
perfect field,0.8881620493132178,0.9602942339629066,2.03125,45.9375
perfect information,0.7933045065305786,0.9539088293229689,0.0,23.59375
perfect set,0.8456396718906928,0.9562066684779985,0.15625,31.406250000000004
permutation,,,,
permutations,,,,
pointwise limit,0.9412287538536053,0.9483024311219626,54.53125,11.25
polynomial,,,,
polynomial ring,0.9026301340719477,0.9399963912377596,7.187499999999999,2.34375
polynomials,,,,
Pontryagin dual,0.9500731943039685,0.9559472970288885,70.625,29.6875
poset,,,,
positive definite,0.9446825308210723,0.9680093274142744,62.18749999999999,78.28125
positive variation,0.9395046778977698,0.9463993239986745,50.9375,9.0625
power series,0.8964002320347427,0.9543358303145193,3.5937499999999996,25.0
power set,0.9071377513505752,0.963469178640803,10.3125,62.5
pre-measure,,,,
preimage,,,,
prime,,,,
prime element,0.922726701009865,0.9596516025359825,26.406249999999996,42.5
prime element of an integral domain,0.9625471278585067,0.9598369628790991,86.875,44.0625
prime ideal,0.8998248707454723,0.9498165108298946,5.15625,13.593749999999998
prime number,0.916748233273204,0.9751470444535492,19.6875,92.03125
prime subfield,0.9404039170404896,0.9584844169362975,53.28125,39.0625
primitive,,,,
primitive root of unity,0.9513968374688457,0.9753395532521959,73.75,92.1875
principal,,,,
principal ideal,0.8794596813354261,0.9451998593177224,1.40625,7.187499999999999
principal ideal domain,0.9436181105409267,0.956175488633478,60.3125,31.25
principal part,0.9081054249374874,0.9728825390499084,10.78125,88.125
product,,,,
product measure,0.9177185473895214,0.9516774231926095,20.46875,17.96875
product of ring ideals,0.9485501544623488,0.9604580638752576,68.125,47.03125
product rule,0.8999554410876285,0.9542481452186383,5.3125,24.53125
product topology,0.9043068912042347,0.9475226195904546,8.59375,10.78125
products,,,,
projection,,,,
proper classes,0.9120073840820543,0.959108371853985,15.78125,41.09375
proper proper,0.9823297964762765,0.9951538905426809,98.28125,99.6875
proper ring ideal,0.9567968120348367,0.9672791712608206,80.9375,76.09375
pullback,,,,
pure tensors,0.9268433979194818,0.9489276811965333,30.9375,12.5
Qp,,,,
quadratic field extension,0.9392077959655645,0.9456906948851771,50.625,7.968749999999999
quadratic integers,0.9548434803584441,0.957173104295883,78.59375,34.53125
quaternion algebra,0.9195524245966065,0.9467539403924168,22.65625,9.6875
quotient,,,,
quotient by,0.9508353851277278,0.9698441666723794,72.65625,82.03125
quotient by equivalence relation,0.9800011244825688,0.9778705997495846,97.34375,95.3125
quotient by normal quotient,0.9806637881927387,0.9864192890424165,97.5,98.75
quotient by normal quotients,0.981254341099399,0.9828160901710812,97.8125,98.125
quotient by normal subgroup,0.9596525847939126,0.9666204734948898,83.59375,73.59375
quotient by subgroup,0.9497730279717107,0.9611106657308423,70.3125,50.625
quotient of Lie algebra by ideal,0.9654604698422363,0.9642197547173961,89.6875,65.625
quotient of modules,0.9365593393091216,0.96621470252179,46.09375,72.65625
quotient of topological spaces,0.9730623719741942,0.9776185647241697,95.3125,95.0
quotient ring,0.9037595847099105,0.9550918930797546,8.28125,26.5625
quotient vector space,0.9414365391838128,0.9560001811355018,55.15624999999999,30.312499999999996
quotients,,,,
radical,,,,
radical of a Lie algebra,0.9422335207298246,0.9620492669253363,57.03125,56.09375
radius of convergence,0.9252392882246516,0.944841351362264,28.4375,6.5625
Radon measure,0.932412912845674,0.9597246978880347,39.53125,43.28125
Radon-Nikodym derivative,0.9343902367733347,0.9550078571688181,42.5,26.406249999999996
rank,,,,
rank of a finitely generated abelian group,0.9825303802366945,0.9809563819628128,98.4375,97.03125
rank of a module,0.9147976351443569,0.9454082554970573,18.125,7.656250000000001
real,,,,
real number,0.9145520135937478,0.9775767043647889,17.8125,94.84375
real numbers,0.9206121381904608,0.9778388697845535,23.90625,95.15625
real projective space,0.9585078375029956,0.9719270892435556,82.96875,86.40625
real symplectic group,0.9514963876801531,0.9627281945118383,74.0625,58.28124999999999
rectangle,,,,
rectangles,,,,
rectifiable,,,,
reduced,,,,
reduced edge path,0.9631626411049906,0.969878321738159,87.65625,82.34375
reflexive,,,,
regular,,,,
regular family,0.9166904452130824,0.963285677294655,19.53125,61.40624999999999
representation,,,,
representations,,,,
residual,,,,
residue,,,,
restriction,,,,
Riemann integrable,0.9494107428032885,0.9656739602419503,69.53125,70.625
Riemann's theorem on removable singularities,0.9809833396447679,0.968542907388597,97.65625,79.375
right,,,,
right algebra ideal,0.9595914359929915,0.9628012770946256,83.4375,59.21875
right coset,0.9183242242564172,0.9570822257279177,20.78125,34.0625
right cosets,0.9254960682985932,0.9533463737691187,28.749999999999996,21.5625
right ideal,0.9401515336736483,0.9615236527183133,52.1875,53.125
right identity,0.9183558580451014,0.9610637590589137,21.09375,50.31250000000001
right identity element,0.9525528573780462,0.9619938046463994,75.9375,55.625
right inverse element,0.9604105495214343,0.9647613484237328,84.53125,67.8125
right ring ideal,0.9575991334863654,0.9670683333069754,81.875,75.15625
ring,,,,
ring homomorphism,0.9350287519820908,0.9607856380751773,43.75,48.59375
ring ideal,0.9119530887342954,0.9522213699095095,15.46875,19.0625
ring ideals,0.9129426087720474,0.9588932628866889,16.40625,40.46875
ring norm,0.8896482240621697,0.9306435622634858,2.1875,0.46875
ring of subsets,0.9291201054026758,0.9615868205553665,33.90625,53.75
rings,,,,
rng,,,,
root of unity,0.9267729731798517,0.9610651196798321,30.78125,50.46874999999999
roots,,,,
roots of unity,0.9345711239089266,0.9626009647444738,43.125,57.96875
row operation,0.9161387346053078,0.9467460058681099,19.0625,9.53125
row operations,0.9206111006019809,0.9491375508066497,23.75,12.968750000000002
rule of product,0.9234887878224992,0.9583738474514724,27.500000000000004,38.59375
rule of sum,0.9156994683475506,0.9424516221124184,18.59375,3.75
Schur polynomials,0.9319616700477313,0.9526686973623701,38.75,20.15625
Schwartz space,0.9220731450084084,0.9494446124582646,25.3125,13.4375
second-countable,,,,
self-adjoint,,,,
semi-locally simply connected,0.9644408737659892,0.9735917061243423,89.375,89.53125
semidirect product,0.9433540074790017,0.967641146265992,59.84374999999999,77.1875
semigroup,,,,
semigroups,,,,
semisimple,,,,
semisimple Lie algebra,0.9543941116704687,0.9667661062590435,77.8125,74.21875
semisimple module,0.948510330380778,0.9599583288265271,67.96875,44.53125
semisimple representation of a Lie algebra,0.9726885198703499,0.976593890688647,95.0,93.75
separable,,,,
separable field,0.9380653779164928,0.9696018555635982,48.59375,81.5625
separable metric space,0.9702260682408244,0.9820189062026274,92.34375,97.8125
separable polynomial,0.932447364154358,0.9462613610969758,39.6875,8.59375
sequence convergence,0.9374932674262599,0.9561040896828635,47.8125,30.78125
sequentially compact,0.9417713912545491,0.9603178193998818,56.40625,46.25
series converges,0.9453406701660609,0.9620525396967163,63.28125,56.25
set,,,,
sign homomorphism,0.9328626721034314,0.9504788370437215,40.3125,15.312500000000002
sign of permutation,0.9346296570330618,0.9506998385086274,43.4375,16.40625
sign representation,0.9090481233501665,0.9617585677465175,11.875,54.21875000000001
signed measure,0.9294328394774276,0.9531455058956413,34.0625,21.25
simple,,,,
simple field extension,0.9544058501457756,0.9674146843094282,77.96875,76.40625
simple function,0.9449082954929515,0.973109777568431,62.65625,89.0625
simple functions,0.9396671855518068,0.9696811844363017,51.09375000000001,81.875
simple group,0.9104748959732996,0.961387051340492,13.4375,52.34375
simple Lie algebra,0.9568565139433443,0.9613569694395442,81.25,51.87500000000001
simple module,0.947540839604697,0.9642196388888385,66.875,65.46875
simple region,0.9137453100282844,0.9666907907561029,17.1875,73.90625
simply connected,0.9275153359373192,0.9710752381011307,31.71875,84.84375
singular measure,0.8582447444811901,0.9357097043356488,0.3125,1.09375
size,,,,
skeleton of a category,0.9389499723884813,0.9586422602930165,50.46874999999999,39.6875
skew-symmetric,,,,
small category,0.9277563975094894,0.969865383945987,32.1875,82.1875
smooth,,,,
smooth topological m-dimensional manifold with boundary,0.985360583179561,0.982677792637143,99.375,97.96875
solvability by radicals,0.9317184601684005,0.9537525834960145,37.8125,22.96875
solvable,,,,
solvable group,0.913214140788399,0.9594728063820482,16.5625,41.71875
solvable Lie algebra,0.9421623723323066,0.9565018830083972,56.71874999999999,32.34375
space,,,,
span,,,,
spanned,,,,
special linear algebra,0.9189136468656031,0.9565785289495249,21.71875,32.65625
special linear group,0.9402304243714885,0.9515484922470436,52.65625000000001,17.34375
special orthogonal group,0.9523605739426374,0.9591360310139082,75.625,41.25
special unitary group,0.9496114290100386,0.9656732562511623,70.15625,70.46875
spectrum,,,,
splitting field,0.9193933351498917,0.9561621334566759,22.34375,30.9375
stabilizer under group action,0.9578165466281138,0.9613018972796228,82.03125,51.71875
stabilizer under stabilizer,0.9725019851350881,0.9886961067685458,94.375,99.0625
standard n-simplex,0.9710006228379622,0.9732050105897321,93.28125,89.21875
Stirling numbers of the second kind,0.9793633206306444,0.9814677577671087,97.1875,97.5
strategies,,,,
strategy profiles,0.9232766706123949,0.9635519632915687,27.34375,63.125
strong differential basis,0.9358067675376651,0.9628112830503,45.46875,59.375
structure constants,0.9107430509390221,0.9489130703975099,13.750000000000002,12.34375
sub-representations,,,,
subalgebra,,,,
subalgebras,,,,
subbasis,,,,
subcategory,,,,
subfield,,,,
subgraph,,,,
subgroup,,,,
subgroups,,,,
subinterval,,,,
subintervals,,,,
submodule,,,,
submodules,,,,
subnormal series,0.9458267130562679,0.9581389845025838,64.6875,38.125
subrectangle,,,,
subrepresentation,,,,
subrepresentations,,,,
subspace,,,,
subspace topology,0.9477091299329714,0.9576216131926056,67.1875,36.09375
subtree,,,,
sum,,,,
sum of modules,0.9269280891732689,0.9631693725414966,31.25,60.62499999999999
sum of ring ideals,0.9547340549426687,0.9728514450720718,78.4375,87.96875
support,,,,
supremum,,,,
surface,,,,
surjective,,,,
Sylow p-subgroup,0.9600703051448342,0.9677949816026418,84.21875,77.65625
symmetric,,,,
symmetric derivative,0.913563663505554,0.9412366825162966,16.71875,3.125
symmetric difference,0.934422934625343,0.955663406992258,42.65625,28.4375
symmetric differential basis,0.949376315745343,0.9565866455210713,69.375,32.8125
symmetric group,0.9170313528834303,0.9656237226981409,20.0,70.15625
symmetric polynomials,0.9416998241239839,0.9590310325952964,55.93749999999999,40.78125
symmetric power of group representations,0.9723017738050317,0.9721735642415518,94.21875,86.71875
symmetric power of vector spaces,0.9657046950811001,0.973517551759026,89.84375,89.375
symplectic algebra,0.9091506126095846,0.9595490758546545,12.34375,41.875
T0 space,0.9330391983565202,0.9558156251176178,40.9375,29.062500000000004
T1 space,0.9327833523616647,0.9543078077992605,40.0,24.84375
tangent space,0.9034779188535625,0.9544911178041066,7.8125,25.624999999999996
tangent vector,0.9358008990290427,0.9484083594212587,45.3125,11.40625
tensor,,,,
tensor product,0.8958391142582786,0.9437852754484335,3.4375000000000004,4.84375
tensor product of group representations,0.971947217574164,0.9724558144070253,93.90625,87.34375
tensor product of Lie algebra representations,0.9814075559052651,0.9816678351976078,98.125,97.65625
tensor product of vector spaces,0.9612405533908375,0.9757749175689158,85.46875,92.5
That is,0.9163499000717334,0.9747390747411531,19.21875,91.5625
topological,,,,
topological basis,0.9337524649710084,0.964779505844037,41.875,67.96875
topological field,0.8968117187864617,0.9623704206125024,3.90625,57.49999999999999
topological game,0.9081283899378012,0.9508977234186626,10.9375,16.71875
topological group,0.9030184751342241,0.9646836432077579,7.5,67.03125
topological m-dimensional manifold with boundary,0.9792538510434794,0.9843768212271106,97.03125,98.28125
topological ring,0.8758469274570989,0.9441307419295998,1.09375,5.46875
topological space,0.9439231618113462,0.9775079437336518,61.25000000000001,94.6875
topological spaces,0.9519676695257563,0.9811340439538279,75.0,97.1875
topology,,,,
topology of the union,0.9437010748820499,0.9630665276540211,60.62499999999999,60.0
torsion,,,,
torsion free module,0.9629300346324421,0.9527591672663287,87.34375,20.3125
torsion subgroup,0.9305015654881996,0.9490980265393432,35.625,12.812499999999998
torus,,,,
total derivative,0.9108712310446705,0.9503064051796916,14.0625,15.0
total variation,0.9426910648289908,0.9585727070134666,57.8125,39.21875
totally bounded,0.949507263113901,0.9646010197625338,69.84375,66.5625
totally disconnected,0.907399603393357,0.9602741322366668,10.46875,45.46875
trace,,,,
transcendental,,,,
transition function,0.8992626704426876,0.9441485062960557,4.6875,5.625
transitive,,,,
transitive group action,0.9544343627739074,0.9664295461240117,78.125,73.4375
transitive transitive,0.9760484388951148,0.9914036583286572,96.40625,99.375
transpose,,,,
transposes,,,,
transposition,,,,
tree,,,,
triangle inequality,0.9015820652707612,0.9339847030030061,6.71875,0.9375
trivial,,,,
trivial group representation,0.9439122621920534,0.9602514220420449,61.09375,45.3125
truth function,0.866095709282538,0.939963616866869,0.46875,2.1875
typical,,,,
uncountable,,,,
underlying set,0.908584892612425,0.9648891527686906,11.25,68.4375
uniformly continuous,0.9618376175315608,0.9674436292786424,86.25,76.5625
unique,,,,
unique factorization domain,0.9754228106524964,0.9739359486951615,95.78125,90.3125
unit,,,,
unit of a ring,0.9328921117686267,0.9632774133075248,40.46875,61.25000000000001
unital subring,0.9511523887339637,0.9596811506012439,73.4375,42.96875
unitary,,,,
unitary group,0.9296375691027983,0.9684467963816135,34.53125,78.75
unitary group representation,0.9501347299341507,0.9648404550330955,70.78125,68.28125
unitary matrix,0.9502048497243134,0.9637736715645524,70.9375,63.90625
unitary transformation,0.9367833460690336,0.9614419276634516,46.40625,52.65625000000001
units,,,,
upper bound,0.8999663645768778,0.9437118680311603,5.46875,4.53125
upper bounds,0.9407402391622341,0.953430967083393,53.75,21.71875
upper central series,0.9517684415860497,0.9593170220883921,74.53125,41.5625
upper integral,0.9060021896518613,0.9373311726902804,9.53125,1.875
upper sum,0.9253816222477241,0.9588409863979968,28.59375,39.84375
Vandermonde determinant,0.9315434138846974,0.9538075074432245,37.34375,23.125
vector space,0.8721520103187057,0.9506382797067141,0.78125,15.937499999999998
vector space direct sum,0.9517272631477265,0.9559175492627902,74.21875,29.531249999999996
vector spaces,0.906958775675851,0.9556646676876559,9.84375,28.59375
vector subspace,0.9383064066128884,0.9499767629939729,49.0625,13.90625
vectors,,,,
Vitali covering,0.9601889410583692,0.962202213567049,84.375,56.875
vol,,,,
volume,,,,
volume of a rectifiable set,0.9532905401782377,0.9761788980360786,77.03125,93.125
volume of compact topological space,0.988334808441728,0.992034277855976,99.53125,99.53125
volumes,,,,
weak convergence,0.8910421979244199,0.9462633990956645,2.5,8.75
weak Hausdorff,0.923171975956215,0.9603168498034169,27.03125,46.09375
wedge sum,0.9357914941876031,0.9611458037591157,45.15625,50.9375
well-defined,,,,
well-ordering,,,,
Weyl group,0.9314119086592345,0.9559516507095478,36.875,30.0
width,,,,
winding number,0.9165087289354946,0.9538896545454107,19.375,23.28125
winning strategy,0.9512374951896237,0.969254155059887,73.59375,80.9375
Young subgroup,0.9325236709085863,0.9663721803642623,39.84375,73.125
zero divisor,0.9384921203925032,0.9677841101779893,49.375,77.5
zero divisors,0.9428853758699343,0.9708932086559234,58.4375,84.21875
σ-additive,,,,
σ-algebra,,,,
σ-algebra generated,0.9417483371790686,0.9579970985577875,56.25,37.34375
σ-finite,,,,
∆-complex,,,,
